{
  "hash": "386b7769",
  "configHash": "7ff8540a",
  "lockfileHash": "c6772d40",
  "browserHash": "0be6ff81",
  "optimized": {
    "@angular/common": {
      "src": "../../../../../../node_modules/@angular/common/fesm2022/common.mjs",
      "file": "@angular_common.js",
      "fileHash": "8f40ef4c",
      "needsInterop": false
    },
    "@angular/common/http": {
      "src": "../../../../../../node_modules/@angular/common/fesm2022/http.mjs",
      "file": "@angular_common_http.js",
      "fileHash": "efe66430",
      "needsInterop": false
    },
    "@angular/common/locales/es-MX": {
      "src": "../../../../../../node_modules/@angular/common/locales/es-MX.js",
      "file": "@angular_common_locales_es-MX.js",
      "fileHash": "5159fb6b",
      "needsInterop": false
    },
    "@angular/core": {
      "src": "../../../../../../node_modules/@angular/core/fesm2022/core.mjs",
      "file": "@angular_core.js",
      "fileHash": "72a73dfe",
      "needsInterop": false
    },
    "@angular/forms": {
      "src": "../../../../../../node_modules/@angular/forms/fesm2022/forms.mjs",
      "file": "@angular_forms.js",
      "fileHash": "97133148",
      "needsInterop": false
    },
    "@angular/platform-browser": {
      "src": "../../../../../../node_modules/@angular/platform-browser/fesm2022/platform-browser.mjs",
      "file": "@angular_platform-browser.js",
      "fileHash": "e960ae32",
      "needsInterop": false
    },
    "@angular/platform-browser/animations": {
      "src": "../../../../../../node_modules/@angular/platform-browser/fesm2022/animations.mjs",
      "file": "@angular_platform-browser_animations.js",
      "fileHash": "516b0eea",
      "needsInterop": false
    },
    "rxjs": {
      "src": "../../../../../../node_modules/rxjs/dist/esm5/index.js",
      "file": "rxjs.js",
      "fileHash": "56e3a96c",
      "needsInterop": false
    },
    "socket.io-client": {
      "src": "../../../../../../node_modules/socket.io-client/build/esm/index.js",
      "file": "socket__io-client.js",
      "fileHash": "1382236b",
      "needsInterop": false
    },
    "zone.js": {
      "src": "../../../../../../node_modules/zone.js/fesm2015/zone.js",
      "file": "zone__js.js",
      "fileHash": "bd61c89e",
      "needsInterop": true
    }
  },
  "chunks": {
    "chunk-4QBTKFKE": {
      "file": "chunk-4QBTKFKE.js"
    },
    "chunk-QX3PSQTF": {
      "file": "chunk-QX3PSQTF.js"
    },
    "chunk-VU6D3UVU": {
      "file": "chunk-VU6D3UVU.js"
    },
    "chunk-ZMLREZMJ": {
      "file": "chunk-ZMLREZMJ.js"
    },
    "chunk-DNN2I6QZ": {
      "file": "chunk-DNN2I6QZ.js"
    },
    "chunk-RSS3ODKE": {
      "file": "chunk-RSS3ODKE.js"
    },
    "chunk-XWLXMCJQ": {
      "file": "chunk-XWLXMCJQ.js"
    }
  }
}